doc_id,section_id,is_api,platforms,connections,concepts
data/raw_md/articles/backend-web-api-service/obtain-a-report-from-a-web-api-controller-endpoint,articles/backend-web-api-service/obtain-a-report-from-a-web-api-controller-endpoint::17,False,[],5,"['Reports Module' 'Solution Structure and Module Design'
 'Template Kit and CLI']"
data/raw_md/articles/shape-export-print-data/reports/add-reports-module-to-an-existing-xaf-application,articles/shape-export-print-data/reports/add-reports-module-to-an-existing-xaf-application::2,False,[],41,"['NuGet Package Management' 'Reports Module'
 'Solution Structure and Module Design']"
data/raw_md/articles/shape-export-print-data/reports/create-and-view-reports-in-a-blazor-application,articles/shape-export-print-data/reports/create-and-view-reports-in-a-blazor-application::8,False,[],30,['Reports Module']
data/raw_md/articles/shape-export-print-data/reports/create-and-view-reports-in-a-blazor-application,articles/shape-export-print-data/reports/create-and-view-reports-in-a-blazor-application::9,False,[],33,['Reports Module']
data/raw_md/articles/shape-export-print-data/reports/create-predefined-static-reports,articles/shape-export-print-data/reports/create-predefined-static-reports::2,False,[],45,['Reports Module']
data/raw_md/articles/shape-export-print-data/reports/data-sorting-in-reports-v2,articles/shape-export-print-data/reports/data-sorting-in-reports-v2::3,False,[],32,['Reports Module']
data/raw_md/articles/shape-export-print-data/reports/data-sorting-in-reports-v2,articles/shape-export-print-data/reports/data-sorting-in-reports-v2::4,False,[],31,['Reports Module']
data/raw_md/articles/shape-export-print-data/reports/data-sources-for-reports-v2,articles/shape-export-print-data/reports/data-sources-for-reports-v2::1,False,[],41,['Reports Module']
data/raw_md/articles/shape-export-print-data/reports/grid-based-reporting-in-winforms-applications,articles/shape-export-print-data/reports/grid-based-reporting-in-winforms-applications::1,False,[],13,['Reports Module']
data/raw_md/articles/shape-export-print-data/reports/in-place-reports,articles/shape-export-print-data/reports/in-place-reports::1,False,[],21,['Reports Module']
data/raw_md/articles/shape-export-print-data/reports/invoke-the-report-preview-from-code,articles/shape-export-print-data/reports/invoke-the-report-preview-from-code::6,False,[],29,['Reports Module']
data/raw_md/articles/shape-export-print-data/reports/reports-v2-module-overview,articles/shape-export-print-data/reports/reports-v2-module-overview::2,False,[],46,['Reports Module']
data/raw_md/articles/shape-export-print-data/reports/reports-v2-module-overview,articles/shape-export-print-data/reports/reports-v2-module-overview::3,False,[],36,['Reports Module']
data/raw_md/articles/shape-export-print-data/reports/reports-v2-module-overview,articles/shape-export-print-data/reports/reports-v2-module-overview::4,False,[],51,['Reports Module']
data/raw_md/articles/shape-export-print-data/reports/reports-v2-module-overview,articles/shape-export-print-data/reports/reports-v2-module-overview::5,False,[],88,['Reports Module']
data/raw_md/articles/shape-export-print-data/reports/task-based-help/how-to-access-the-report-preview-control-blazor,articles/shape-export-print-data/reports/task-based-help/how-to-access-the-report-preview-control-blazor::1,False,[],16,['Reports Module']
data/raw_md/articles/shape-export-print-data/reports/task-based-help/how-to-add-a-custom-column-to-the-reports-list,articles/shape-export-print-data/reports/task-based-help/how-to-add-a-custom-column-to-the-reports-list::6,False,[],56,['Reports Module']
data/raw_md/articles/shape-export-print-data/reports/task-based-help/how-to-add-a-custom-column-to-the-reports-list,articles/shape-export-print-data/reports/task-based-help/how-to-add-a-custom-column-to-the-reports-list::8,False,[],40,['Reports Module']
data/raw_md/articles/shape-export-print-data/reports/task-based-help/how-to-add-a-custom-column-to-the-reports-list,articles/shape-export-print-data/reports/task-based-help/how-to-add-a-custom-column-to-the-reports-list::9,False,[],37,['Reports Module']
data/raw_md/articles/shape-export-print-data/reports/task-based-help/how-to-add-a-custom-column-to-the-reports-list,articles/shape-export-print-data/reports/task-based-help/how-to-add-a-custom-column-to-the-reports-list::10,False,[],26,['Reports Module']
data/raw_md/articles/shape-export-print-data/reports/task-based-help/how-to-add-a-custom-column-to-the-reports-list,articles/shape-export-print-data/reports/task-based-help/how-to-add-a-custom-column-to-the-reports-list::13,False,[],30,['Reports Module']
data/raw_md/articles/shape-export-print-data/reports/task-based-help/how-to-add-a-custom-column-to-the-reports-list,articles/shape-export-print-data/reports/task-based-help/how-to-add-a-custom-column-to-the-reports-list::15,False,[],39,['Reports Module' 'XAF Application' 'XAF Web API Service']
data/raw_md/articles/shape-export-print-data/reports/task-based-help/how-to-add-a-custom-column-to-the-reports-list,articles/shape-export-print-data/reports/task-based-help/how-to-add-a-custom-column-to-the-reports-list::16,False,[],41,['Reports Module']
data/raw_md/articles/shape-export-print-data/reports/task-based-help/how-to-add-a-custom-column-to-the-reports-list,articles/shape-export-print-data/reports/task-based-help/how-to-add-a-custom-column-to-the-reports-list::17,False,[],41,['Reports Module']
data/raw_md/articles/shape-export-print-data/reports/task-based-help/how-to-add-a-custom-column-to-the-reports-list,articles/shape-export-print-data/reports/task-based-help/how-to-add-a-custom-column-to-the-reports-list::18,False,[],41,['Reports Module']
data/raw_md/articles/shape-export-print-data/reports/task-based-help/how-to-customize-the-winforms-report-designer-form,articles/shape-export-print-data/reports/task-based-help/how-to-customize-the-winforms-report-designer-form::3,False,[],37,['Reports Module']
data/raw_md/articles/shape-export-print-data/reports/task-based-help/how-to-execute-custom-code-when-a-report-is-persisted,articles/shape-export-print-data/reports/task-based-help/how-to-execute-custom-code-when-a-report-is-persisted::12,False,[],74,['Reports Module']
data/raw_md/articles/shape-export-print-data/reports/task-based-help/how-to-merge-the-pages-of-two-reports,articles/shape-export-print-data/reports/task-based-help/how-to-merge-the-pages-of-two-reports::2,False,[],21,['Reports Module']
data/raw_md/articles/shape-export-print-data/reports/task-based-help/how-to-print-a-report-without-displaying-a-preview,articles/shape-export-print-data/reports/task-based-help/how-to-print-a-report-without-displaying-a-preview::2,False,[],40,['Reports Module']
data/raw_md/articles/shape-export-print-data/reports/task-based-help/how-to-register-an-additional-type-of-report-parameter,articles/shape-export-print-data/reports/task-based-help/how-to-register-an-additional-type-of-report-parameter::1,False,[],13,['Reports Module']
data/raw_md/articles/shape-export-print-data/reports/task-based-help/how-to-register-an-additional-type-of-report-parameter,articles/shape-export-print-data/reports/task-based-help/how-to-register-an-additional-type-of-report-parameter::2,False,[],45,['Reports Module']
data/raw_md/articles/shape-export-print-data/reports/task-based-help/how-to-register-an-additional-type-of-report-parameter,articles/shape-export-print-data/reports/task-based-help/how-to-register-an-additional-type-of-report-parameter::3,False,[],42,['Reports Module']
data/raw_md/articles/shape-export-print-data/reports/task-based-help/how-to-use-a-custom-editor-for-a-report-parameter,articles/shape-export-print-data/reports/task-based-help/how-to-use-a-custom-editor-for-a-report-parameter::5,False,[],59,['Reports Module']
data/raw_md/articles/shape-export-print-data/reports/task-based-help/how-to-use-the-custom-report-preview-form,articles/shape-export-print-data/reports/task-based-help/how-to-use-the-custom-report-preview-form::1,False,[],26,['Reports Module']
data/raw_md/articles/shape-export-print-data/reports/task-based-help/how-to-use-the-custom-report-preview-form,articles/shape-export-print-data/reports/task-based-help/how-to-use-the-custom-report-preview-form::2,False,[],20,['Reports Module']
data/raw_md/articles/shape-export-print-data/reports/task-based-help/how-to-use-the-custom-winforms-report-designer,articles/shape-export-print-data/reports/task-based-help/how-to-use-the-custom-winforms-report-designer::2,False,[],30,['Reports Module']
data/raw_md/articles/getting-started/in-depth-tutorial-blazor/enable-additional-modules/create-a-report-in-visual-studio,articles/getting-started/in-depth-tutorial-blazor/enable-additional-modules/create-a-report-in-visual-studio::4,False,[],41,"['Reports Module' 'Solution Structure and Module Design'
 'Template Kit and CLI']"
data/raw_md/articles/filtering/in-reports/data-filtering-in-reports,articles/filtering/in-reports/data-filtering-in-reports::5,False,[],55,['Model Editor' 'Reports Module']
data/raw_md/articles/filtering/in-reports/data-filtering-in-reports,articles/filtering/in-reports/data-filtering-in-reports::9,False,[],35,['Reports Module']
data/raw_md/articles/app-shell-and-base-infrastructure/application-solution-components/modules/register-buil-in-xaf-module,articles/app-shell-and-base-infrastructure/application-solution-components/modules/register-buil-in-xaf-module::6,False,[],31,"['Dashboards Module' 'Modules' 'NuGet Package Management' 'Reports Module'
 'Solution Structure and Module Design']"
data/raw_md/apidoc/DevExpress.Persistent.Base.ReportsV2/CollectionDataSource/CollectionDataSource,apidoc/DevExpress.Persistent.Base.ReportsV2/CollectionDataSource/CollectionDataSource::1,True,[],33,['Reports Module']
data/raw_md/apidoc/DevExpress.ExpressApp.ReportsV2.Win/CreateCustomReportDesignRepositoryItemEventArgs/#ctor1137810,apidoc/DevExpress.ExpressApp.ReportsV2.Win/CreateCustomReportDesignRepositoryItemEventArgs/#ctor1137810::1,True,[],14,['Reports Module']
data/raw_md/apidoc/DevExpress.ExpressApp.ReportsV2.Win/ReportsWindowsFormsModuleV2/ReportsWindowsFormsModuleV2,apidoc/DevExpress.ExpressApp.ReportsV2.Win/ReportsWindowsFormsModuleV2/ReportsWindowsFormsModuleV2::1,True,[],24,['Reports Module']
data/raw_md/apidoc/DevExpress.ExpressApp.ReportsV2.Win/WinGridReportExportController/QueryReportDisplayName1168306,apidoc/DevExpress.ExpressApp.ReportsV2.Win/WinGridReportExportController/QueryReportDisplayName1168306::1,True,[],10,['Reports Module']
data/raw_md/apidoc/DevExpress.ExpressApp.ReportsV2.Services/ReportDataSourceHelperBase/AttachCriteriaWithReportParametersManager,apidoc/DevExpress.ExpressApp.ReportsV2.Services/ReportDataSourceHelperBase/AttachCriteriaWithReportParametersManager::1,True,[],9,['Reports Module']
data/raw_md/apidoc/DevExpress.ExpressApp.ReportsV2.Services/ReportDataSourceHelperBase/CustomSetupReportDataSource,apidoc/DevExpress.ExpressApp.ReportsV2.Services/ReportDataSourceHelperBase/CustomSetupReportDataSource::5,True,[],14,['Reports Module']
data/raw_md/apidoc/DevExpress.ExpressApp.ReportsV2.Services/ReportDataSourceHelperBase/GetMasterReportDataSource,apidoc/DevExpress.ExpressApp.ReportsV2.Services/ReportDataSourceHelperBase/GetMasterReportDataSource::1,True,[],7,['Reports Module']
data/raw_md/apidoc/DevExpress.ExpressApp.ReportsV2.Services/ReportDataSourceHelperBase/RegisterObjectSpaceProviderService,apidoc/DevExpress.ExpressApp.ReportsV2.Services/ReportDataSourceHelperBase/RegisterObjectSpaceProviderService::1,True,[],21,['Reports Module']
data/raw_md/apidoc/DevExpress.ExpressApp.ReportsV2.Services/ReportDataSourceHelperBase/RegisterReportEnumLocalizer,apidoc/DevExpress.ExpressApp.ReportsV2.Services/ReportDataSourceHelperBase/RegisterReportEnumLocalizer::1,True,[],13,['Reports Module']
data/raw_md/apidoc/DevExpress.ExpressApp.ReportsV2.Services/ReportDataSourceHelperBase/ReportDataSourceHelperBase,apidoc/DevExpress.ExpressApp.ReportsV2.Services/ReportDataSourceHelperBase/ReportDataSourceHelperBase::1,True,[],13,['Reports Module']
data/raw_md/apidoc/DevExpress.ExpressApp.ReportsV2.Services/ReportDataSourceHelperBase/SetupBeforePrint,apidoc/DevExpress.ExpressApp.ReportsV2.Services/ReportDataSourceHelperBase/SetupBeforePrint::1,True,[],29,['Reports Module']
data/raw_md/apidoc/DevExpress.ExpressApp.ReportsV2.Services/ReportDataSourceHelperBase/SetupBeforePrint_1,apidoc/DevExpress.ExpressApp.ReportsV2.Services/ReportDataSourceHelperBase/SetupBeforePrint_1::1,True,[],21,['Criteria and Query Language' 'Reports Module']
data/raw_md/apidoc/DevExpress.ExpressApp.ReportsV2.Services/ReportDataSourceHelperBase/SetupReport,apidoc/DevExpress.ExpressApp.ReportsV2.Services/ReportDataSourceHelperBase/SetupReport::1,True,[],22,['Reports Module']
data/raw_md/apidoc/DevExpress.ExpressApp.ReportsV2.Services/ReportDataSourceHelperBase/SetupReportDataSource,apidoc/DevExpress.ExpressApp.ReportsV2.Services/ReportDataSourceHelperBase/SetupReportDataSource::1,True,[],24,['Criteria and Query Language' 'Reports Module']
data/raw_md/apidoc/DevExpress.ExpressApp.ReportsV2.Services/ReportDataSourceHelperBase/SetupReport_1,apidoc/DevExpress.ExpressApp.ReportsV2.Services/ReportDataSourceHelperBase/SetupReport_1::1,True,[],32,['Reports Module']
data/raw_md/apidoc/DevExpress.ExpressApp.ReportsV2.Services/ReportDataSourceHelperBase/SetXafReportParametersObject,apidoc/DevExpress.ExpressApp.ReportsV2.Services/ReportDataSourceHelperBase/SetXafReportParametersObject::1,True,[],21,['Reports Module']
data/raw_md/apidoc/DevExpress.ExpressApp.ReportsV2/CreateCustomParametersDetailViewEventArgs/#ctor1137593,apidoc/DevExpress.ExpressApp.ReportsV2/CreateCustomParametersDetailViewEventArgs/#ctor1137593::1,True,[],16,['Reports Module']
data/raw_md/apidoc/DevExpress.ExpressApp.ReportsV2/CreateCustomReportContainerEventArgs/#ctor1137605,apidoc/DevExpress.ExpressApp.ReportsV2/CreateCustomReportContainerEventArgs/#ctor1137605::1,True,[],26,['Reports Module']
data/raw_md/apidoc/DevExpress.ExpressApp.ReportsV2/IInplaceReportV2/DataTypeName1137437,apidoc/DevExpress.ExpressApp.ReportsV2/IInplaceReportV2/DataTypeName1137437::1,True,[],26,['Reports Module']
data/raw_md/apidoc/DevExpress.ExpressApp.ReportsV2/IInplaceReportV2/IInplaceReportV2,apidoc/DevExpress.ExpressApp.ReportsV2/IInplaceReportV2/IInplaceReportV2::1,True,[],7,['Reports Module']
data/raw_md/apidoc/DevExpress.ExpressApp.ReportsV2/IModelNavigationItemsForReports/IModelNavigationItemsForReports,apidoc/DevExpress.ExpressApp.ReportsV2/IModelNavigationItemsForReports/IModelNavigationItemsForReports::1,True,[],7,['Reports Module']
data/raw_md/apidoc/DevExpress.ExpressApp.ReportsV2/InplaceReportsCacheHelper/InplaceReportsCacheHelper,apidoc/DevExpress.ExpressApp.ReportsV2/InplaceReportsCacheHelper/InplaceReportsCacheHelper::1,True,[],5,['Reports Module']
data/raw_md/apidoc/DevExpress.ExpressApp.ReportsV2/IReportContainer/Report1137441,apidoc/DevExpress.ExpressApp.ReportsV2/IReportContainer/Report1137441::1,True,[],24,['Reports Module']
data/raw_md/apidoc/DevExpress.ExpressApp.ReportsV2/IReportDataSourceHelper/BeforeShowPreview,apidoc/DevExpress.ExpressApp.ReportsV2/IReportDataSourceHelper/BeforeShowPreview::1,True,[],12,['Reports Module']
data/raw_md/apidoc/DevExpress.ExpressApp.ReportsV2/IReportDataSourceHelper/CustomSetCriteria,apidoc/DevExpress.ExpressApp.ReportsV2/IReportDataSourceHelper/CustomSetCriteria::2,True,[],14,['Reports Module']
data/raw_md/apidoc/DevExpress.ExpressApp.ReportsV2/IReportDataSourceHelper/CustomSetCriteria,apidoc/DevExpress.ExpressApp.ReportsV2/IReportDataSourceHelper/CustomSetCriteria::3,True,[],18,['Reports Module']
data/raw_md/apidoc/DevExpress.ExpressApp.ReportsV2/IReportDataSourceHelper/CustomSetCriteria,apidoc/DevExpress.ExpressApp.ReportsV2/IReportDataSourceHelper/CustomSetCriteria::5,True,[],11,['Reports Module']
data/raw_md/apidoc/DevExpress.ExpressApp.ReportsV2/IReportDataSourceHelper/CustomSetSorting,apidoc/DevExpress.ExpressApp.ReportsV2/IReportDataSourceHelper/CustomSetSorting::4,True,[],18,['Reports Module']
data/raw_md/apidoc/DevExpress.ExpressApp.ReportsV2/IReportDataSourceHelper/CustomSetSorting,apidoc/DevExpress.ExpressApp.ReportsV2/IReportDataSourceHelper/CustomSetSorting::5,True,[],13,['Reports Module']
data/raw_md/apidoc/DevExpress.ExpressApp.ReportsV2/IReportDataSourceHelper/CustomSetupReportDataSource,apidoc/DevExpress.ExpressApp.ReportsV2/IReportDataSourceHelper/CustomSetupReportDataSource::1,True,[],10,['Reports Module']
data/raw_md/apidoc/DevExpress.ExpressApp.ReportsV2/IReportDataSourceHelper/CustomSetupReportDataSource,apidoc/DevExpress.ExpressApp.ReportsV2/IReportDataSourceHelper/CustomSetupReportDataSource::2,True,[],24,['Reports Module']
data/raw_md/apidoc/DevExpress.ExpressApp.ReportsV2/IReportDataSourceHelper/CustomSetupReportDataSource,apidoc/DevExpress.ExpressApp.ReportsV2/IReportDataSourceHelper/CustomSetupReportDataSource::3,True,[],19,['Reports Module']
data/raw_md/apidoc/DevExpress.ExpressApp.ReportsV2/IReportDataSourceHelper/CustomSetupReportDataSource,apidoc/DevExpress.ExpressApp.ReportsV2/IReportDataSourceHelper/CustomSetupReportDataSource::4,True,[],10,['Reports Module']
data/raw_md/apidoc/DevExpress.ExpressApp.ReportsV2/IReportDataSourceHelper/CustomSetupReportDataSource,apidoc/DevExpress.ExpressApp.ReportsV2/IReportDataSourceHelper/CustomSetupReportDataSource::5,True,[],14,['Reports Module']
data/raw_md/apidoc/DevExpress.ExpressApp.ReportsV2/IReportDataSourceHelper/IReportDataSourceHelper,apidoc/DevExpress.ExpressApp.ReportsV2/IReportDataSourceHelper/IReportDataSourceHelper::1,True,[],12,['Reports Module']
data/raw_md/apidoc/DevExpress.ExpressApp.ReportsV2/IReportDataSourceHelper/SetupBeforePrint,apidoc/DevExpress.ExpressApp.ReportsV2/IReportDataSourceHelper/SetupBeforePrint::1,True,[],20,['Criteria and Query Language' 'Reports Module']
data/raw_md/apidoc/DevExpress.ExpressApp.ReportsV2/IReportDataSourceHelper/SetupBeforePrint_1,apidoc/DevExpress.ExpressApp.ReportsV2/IReportDataSourceHelper/SetupBeforePrint_1::1,True,[],28,['Reports Module']
data/raw_md/apidoc/DevExpress.ExpressApp.ReportsV2/IReportDataSourceHelper/SetupReport,apidoc/DevExpress.ExpressApp.ReportsV2/IReportDataSourceHelper/SetupReport::1,True,[],28,['Reports Module']
data/raw_md/apidoc/DevExpress.ExpressApp.ReportsV2/IReportDataSourceHelper/SetupReport_1,apidoc/DevExpress.ExpressApp.ReportsV2/IReportDataSourceHelper/SetupReport_1::1,True,[],28,['Reports Module']
data/raw_md/apidoc/DevExpress.ExpressApp.ReportsV2/IReportDataSourceHelper/SetXafReportParametersObject,apidoc/DevExpress.ExpressApp.ReportsV2/IReportDataSourceHelper/SetXafReportParametersObject::1,True,[],20,['Reports Module']
data/raw_md/apidoc/DevExpress.ExpressApp.ReportsV2/IReportDataV2/Content1137431,apidoc/DevExpress.ExpressApp.ReportsV2/IReportDataV2/Content1137431::1,True,[],10,['Reports Module']
data/raw_md/apidoc/DevExpress.ExpressApp.ReportsV2/IReportDataV2/DataType1137432,apidoc/DevExpress.ExpressApp.ReportsV2/IReportDataV2/DataType1137432::1,True,[],21,['Reports Module']
data/raw_md/apidoc/DevExpress.ExpressApp.ReportsV2/IReportDataV2/IReportDataV2,apidoc/DevExpress.ExpressApp.ReportsV2/IReportDataV2/IReportDataV2::1,True,[],9,['Reports Module']
data/raw_md/apidoc/DevExpress.ExpressApp.ReportsV2/IReportDataV2/ParametersObjectType1137435,apidoc/DevExpress.ExpressApp.ReportsV2/IReportDataV2/ParametersObjectType1137435::1,True,[],38,['Reports Module']
data/raw_md/apidoc/DevExpress.ExpressApp.ReportsV2/IReportStorage/ReportCreated,apidoc/DevExpress.ExpressApp.ReportsV2/IReportStorage/ReportCreated::1,True,[],12,['Reports Module']
data/raw_md/apidoc/DevExpress.ExpressApp.ReportsV2/PredefinedReportsUpdater/AddPredefinedReport``11137399,apidoc/DevExpress.ExpressApp.ReportsV2/PredefinedReportsUpdater/AddPredefinedReport``11137399::1,True,[],27,['Reports Module']
data/raw_md/apidoc/DevExpress.ExpressApp.ReportsV2/PredefinedReportsUpdater/AddPredefinedReport``11137400,apidoc/DevExpress.ExpressApp.ReportsV2/PredefinedReportsUpdater/AddPredefinedReport``11137400::1,True,[],22,['Reports Module']
data/raw_md/apidoc/DevExpress.ExpressApp.ReportsV2/PredefinedReportsUpdater/AddPredefinedReport``11137401,apidoc/DevExpress.ExpressApp.ReportsV2/PredefinedReportsUpdater/AddPredefinedReport``11137401::1,True,[],27,['Reports Module']
data/raw_md/apidoc/DevExpress.ExpressApp.ReportsV2/PredefinedReportsUpdater/AddPredefinedReport``11137402,apidoc/DevExpress.ExpressApp.ReportsV2/PredefinedReportsUpdater/AddPredefinedReport``11137402::1,True,[],20,['Reports Module']
data/raw_md/apidoc/DevExpress.ExpressApp.ReportsV2/PredefinedReportsUpdater/AddPredefinedReport``11137404,apidoc/DevExpress.ExpressApp.ReportsV2/PredefinedReportsUpdater/AddPredefinedReport``11137404::1,True,[],18,['Reports Module']
data/raw_md/apidoc/DevExpress.ExpressApp.ReportsV2/PredefinedReportsUpdater/PredefinedReportsUpdater,apidoc/DevExpress.ExpressApp.ReportsV2/PredefinedReportsUpdater/PredefinedReportsUpdater::1,True,[],21,['Reports Module']
data/raw_md/apidoc/DevExpress.ExpressApp.ReportsV2/ReportContainer/#ctor,apidoc/DevExpress.ExpressApp.ReportsV2/ReportContainer/#ctor::1,True,[],30,['Reports Module']
data/raw_md/apidoc/DevExpress.ExpressApp.ReportsV2/ReportDataSourceHelper/ReportDataSourceHelper,apidoc/DevExpress.ExpressApp.ReportsV2/ReportDataSourceHelper/ReportDataSourceHelper::1,True,[],14,['Reports Module']
data/raw_md/apidoc/DevExpress.ExpressApp.ReportsV2/ReportModuleOptions/ReportDataType,apidoc/DevExpress.ExpressApp.ReportsV2/ReportModuleOptions/ReportDataType::1,True,[],18,['Reports Module']
data/raw_md/apidoc/DevExpress.ExpressApp.ReportsV2/ReportModuleOptions/ReportDataType,apidoc/DevExpress.ExpressApp.ReportsV2/ReportModuleOptions/ReportDataType::2,True,[],33,['Reports Module']
data/raw_md/apidoc/DevExpress.ExpressApp.ReportsV2/ReportOptions/ReportDataType,apidoc/DevExpress.ExpressApp.ReportsV2/ReportOptions/ReportDataType::1,True,[],19,['Reports Module']
data/raw_md/apidoc/DevExpress.ExpressApp.ReportsV2/ReportOptions/ReportDataType,apidoc/DevExpress.ExpressApp.ReportsV2/ReportOptions/ReportDataType::2,True,[],35,['Reports Module']
data/raw_md/apidoc/DevExpress.ExpressApp.ReportsV2/ReportServiceController/CreateCustomParametersDetailView1137456,apidoc/DevExpress.ExpressApp.ReportsV2/ReportServiceController/CreateCustomParametersDetailView1137456::1,True,[],16,['Reports Module']
data/raw_md/apidoc/DevExpress.ExpressApp.ReportsV2/ReportServiceController/SetupBeforePrint1137458,apidoc/DevExpress.ExpressApp.ReportsV2/ReportServiceController/SetupBeforePrint1137458::1,True,[],18,['Reports Module']
data/raw_md/apidoc/DevExpress.ExpressApp.ReportsV2/ReportServiceController/SetupBeforePrint1137459,apidoc/DevExpress.ExpressApp.ReportsV2/ReportServiceController/SetupBeforePrint1137459::1,True,[],31,['Reports Module']
data/raw_md/apidoc/DevExpress.ExpressApp.ReportsV2/ReportServiceController/ShowDesigner1138047,apidoc/DevExpress.ExpressApp.ReportsV2/ReportServiceController/ShowDesigner1138047::1,True,[],26,['Reports Module']
data/raw_md/apidoc/DevExpress.ExpressApp.ReportsV2/ReportServiceController/ShowDesigner1138048,apidoc/DevExpress.ExpressApp.ReportsV2/ReportServiceController/ShowDesigner1138048::1,True,[],18,['Reports Module']
data/raw_md/apidoc/DevExpress.ExpressApp.ReportsV2/ReportServiceController/ShowWizard1138043,apidoc/DevExpress.ExpressApp.ReportsV2/ReportServiceController/ShowWizard1138043::1,True,[],18,['Reports Module']
data/raw_md/apidoc/DevExpress.ExpressApp.ReportsV2/ReportsModuleV2/#ctor1137570,apidoc/DevExpress.ExpressApp.ReportsV2/ReportsModuleV2/#ctor1137570::1,True,[],11,['Reports Module']
data/raw_md/apidoc/DevExpress.ExpressApp.ReportsV2/ReportsModuleV2/#ctor_1,apidoc/DevExpress.ExpressApp.ReportsV2/ReportsModuleV2/#ctor_1::1,True,[],24,['Reports Module']
data/raw_md/apidoc/DevExpress.ExpressApp.ReportsV2/ReportsModuleV2/ActivateReportController1137581,apidoc/DevExpress.ExpressApp.ReportsV2/ReportsModuleV2/ActivateReportController1137581::1,True,[],8,['Reports Module']
data/raw_md/apidoc/DevExpress.ExpressApp.ReportsV2/ReportsModuleV2/AddGeneratorUpdaters1137582,apidoc/DevExpress.ExpressApp.ReportsV2/ReportsModuleV2/AddGeneratorUpdaters1137582::1,True,[],4,['Reports Module']
data/raw_md/apidoc/DevExpress.ExpressApp.ReportsV2/ReportsModuleV2/EnableInplaceReports1137589,apidoc/DevExpress.ExpressApp.ReportsV2/ReportsModuleV2/EnableInplaceReports1137589::1,True,[],14,['Reports Module']
data/raw_md/apidoc/DevExpress.ExpressApp.ReportsV2/ReportsModuleV2/ExtendModelInterfaces1137584,apidoc/DevExpress.ExpressApp.ReportsV2/ReportsModuleV2/ExtendModelInterfaces1137584::1,True,[],7,['Reports Module']
data/raw_md/apidoc/DevExpress.ExpressApp.ReportsV2/ReportsModuleV2/FindReportsModule1137585,apidoc/DevExpress.ExpressApp.ReportsV2/ReportsModuleV2/FindReportsModule1137585::1,True,[],4,['Reports Module']
data/raw_md/apidoc/DevExpress.ExpressApp.ReportsV2/ReportsModuleV2/GetModuleUpdaters1137587,apidoc/DevExpress.ExpressApp.ReportsV2/ReportsModuleV2/GetModuleUpdaters1137587::1,True,[],7,['Reports Module']
data/raw_md/apidoc/DevExpress.ExpressApp.ReportsV2/ReportsModuleV2/ReportDataType1137590,apidoc/DevExpress.ExpressApp.ReportsV2/ReportsModuleV2/ReportDataType1137590::1,True,[],18,['Reports Module']
data/raw_md/apidoc/DevExpress.ExpressApp.ReportsV2/ReportsModuleV2/ReportsDataSourceHelper1137591,apidoc/DevExpress.ExpressApp.ReportsV2/ReportsModuleV2/ReportsDataSourceHelper1137591::1,True,[],29,['Reports Module']
data/raw_md/apidoc/DevExpress.ExpressApp.ReportsV2/ReportsModuleV2/ReportsModuleV2,apidoc/DevExpress.ExpressApp.ReportsV2/ReportsModuleV2/ReportsModuleV2::1,True,[],18,['Reports Module']
data/raw_md/apidoc/DevExpress.ExpressApp.ReportsV2/ReportsModuleV2/ReportStoreMode1150012,apidoc/DevExpress.ExpressApp.ReportsV2/ReportsModuleV2/ReportStoreMode1150012::1,True,[],9,"['Reports Module' 'Solution Structure and Module Design'
 'Template Kit and CLI']"
data/raw_md/apidoc/DevExpress.ExpressApp.ReportsV2/ReportsModuleV2/Setup1137588,apidoc/DevExpress.ExpressApp.ReportsV2/ReportsModuleV2/Setup1137588::1,True,[],21,['Reports Module']
data/raw_md/apidoc/DevExpress.ExpressApp.ReportsV2/ReportsStorage/ReportDataType1137546,apidoc/DevExpress.ExpressApp.ReportsV2/ReportsStorage/ReportDataType1137546::1,True,[],18,['Reports Module']
data/raw_md/apidoc/DevExpress.ExpressApp.ReportsV2/ReportStorageBase/CopyFrom,apidoc/DevExpress.ExpressApp.ReportsV2/ReportStorageBase/CopyFrom::1,True,[],6,['Reports Module']
data/raw_md/apidoc/DevExpress.ExpressApp.ReportsV2/ReportStorageBase/CreateNewReportHandle_1,apidoc/DevExpress.ExpressApp.ReportsV2/ReportStorageBase/CreateNewReportHandle_1::1,True,[],29,['Reports Module']
data/raw_md/apidoc/DevExpress.ExpressApp.ReportsV2/ReportStorageBase/CreateReportHandle,apidoc/DevExpress.ExpressApp.ReportsV2/ReportStorageBase/CreateReportHandle::1,True,[],15,['Reports Module']
data/raw_md/apidoc/DevExpress.ExpressApp.ReportsV2/ReportStorageBase/GetReportContainerHandle,apidoc/DevExpress.ExpressApp.ReportsV2/ReportStorageBase/GetReportContainerHandle::1,True,[],25,['Reports Module']
data/raw_md/apidoc/DevExpress.ExpressApp.ReportsV2/ReportStorageBase/GetReportDataTypeFromHandle,apidoc/DevExpress.ExpressApp.ReportsV2/ReportStorageBase/GetReportDataTypeFromHandle::1,True,[],20,['Reports Module']
data/raw_md/apidoc/DevExpress.ExpressApp.ReportsV2/ReportStorageBase/LoadReport,apidoc/DevExpress.ExpressApp.ReportsV2/ReportStorageBase/LoadReport::1,True,[],26,['Reports Module']
data/raw_md/apidoc/DevExpress.ExpressApp.ReportsV2/ReportStorageBase/ReportCreated,apidoc/DevExpress.ExpressApp.ReportsV2/ReportStorageBase/ReportCreated::1,True,[],13,['Reports Module']
data/raw_md/apidoc/DevExpress.ExpressApp.ReportsV2/ReportStorageBase/SaveReport,apidoc/DevExpress.ExpressApp.ReportsV2/ReportStorageBase/SaveReport::1,True,[],12,['Reports Module']
data/raw_md/apidoc/DevExpress.ExpressApp.ReportsV2/ReportStorageBase/SetData,apidoc/DevExpress.ExpressApp.ReportsV2/ReportStorageBase/SetData::1,True,[],12,['Reports Module']
data/raw_md/apidoc/DevExpress.ExpressApp.ReportsV2/ReportStorageBase/SetData_1,apidoc/DevExpress.ExpressApp.ReportsV2/ReportStorageBase/SetData_1::1,True,[],11,['Reports Module']
data/raw_md/apidoc/DevExpress.ExpressApp.ReportsV2/ReportStorageBase/SetNewData,apidoc/DevExpress.ExpressApp.ReportsV2/ReportStorageBase/SetNewData::1,True,[],18,['Reports Module']
data/raw_md/apidoc/DevExpress.ExpressApp.ReportsV2/ReportStoreModes/ReportStoreModes,apidoc/DevExpress.ExpressApp.ReportsV2/ReportStoreModes/ReportStoreModes::1,True,[],6,['Reports Module']
